normalized_formula,formation_energy_per_atom,mpid,e_above_hull,energy_per_atom
Li0.25 Fe0.15 Sb0.1 O0.5,-2.0064638825416665,mp-1318211,0.044174889736114054,-5.87987184475
Li0.15 Fe0.05 Sb0.2 O0.6,-2.0030512994999996,mp-756153,0.05472902493749654,-5.94940377775
Li0.20833333 Fe0.20833333 Sb0.08333333 O0.5,-1.9430892836805544,mp-756791,0.054547108321760795,-6.00275946125
Li0.18181818 Fe0.18181818 Sb0.09090909 O0.54545455,-1.9368663005303028,mp-1177978,0.3609886494318122,-5.764948890454545
Li0.25 Fe0.15 Sb0.1 O0.5,-2.001075932291667,mp-1304822,0.04956283998611344,-5.8744838945
Li0.25 Fe0.15 Sb0.1 O0.5,-2.0093506625416664,mp-1638623,0.04128810973611419,-5.88275862475
Li0.25 Fe0.20833333 Sb0.04166667 O0.5,-2.0383512587499992,mp-765615,0.026882445104161157,-6.005518239166666
Li0.21428571 Fe0.10714286 Sb0.10714286 O0.57142857,-1.9626506933928576,mp-771508,0.07244809854761591,-5.854796211071429
Li0.25 Fe0.15 Sb0.1 O0.5,-2.008508523041667,mp-1275686,0.04213024923611375,-5.8819164852500005
Li0.14285714 Fe0.17857143 Sb0.10714286 O0.57142857,-1.9941844414880958,mp-768602,0.04039134339284978,-6.159713829642857
Li0.14285714 Fe0.21428571 Sb0.07142857 O0.57142857,-2.0327211905952374,mp-756107,0.007561459285721384,-6.255654059285715
Li0.14285714 Fe0.14285714 Sb0.14285714 O0.57142857,-2.0265929702380947,mp-754807,0.002275949642848829,-6.134718877857142
Li0.14285714 Fe0.14285714 Sb0.14285714 O0.57142857,-2.0288689198809524,mp-774920,0.0,-6.1369948275
Li0.14285714 Fe0.21428571 Sb0.07142857 O0.57142857,-2.03809757345238,mp-771712,0.0,-6.263215518571428
Li0.18181818 Fe0.22727273 Sb0.04545455 O0.54545455,-1.959041476666666,mp-1177408,0.0927804138636299,-6.113321559545454
Li0.25 Fe0.15 Sb0.1 O0.5,-2.0083551002916664,mp-1307244,0.04228367198611416,-5.8817630625
Li0.25 Fe0.1875 Sb0.0625 O0.5,-2.0463664551041667,mp-780303,0.015476319843749309,-5.980048071875
Li0.25 Fe0.15 Sb0.1 O0.5,-1.9691895102916674,mp-754805,0.08144926198611291,-5.8425974725000005
Li0.2 Fe0.2 Sb0.06666667 O0.53333333,-2.0019015703333336,mp-772131,0.16390376900000092,-5.956873703333333
Li0.14285714 Fe0.10714286 Sb0.17857143 O0.57142857,-1.9669978886309525,mp-769870,0.046403240178570115,-6.017720315714286
Li0.25 Fe0.16666667 Sb0.08333333 O0.5,-13.568630740208334,mp-778012,0.43202761500000086,-5.526620484166667
Li0.1875 Fe0.25 Sb0.0625 O0.5,-1.976995007187499,mp-756320,0.0,-6.149887510625
Li0.14285714 Fe0.21428571 Sb0.07142857 O0.57142857,-2.0358540670238088,mp-774583,0.002372439464292775,-6.2608430791071426
Li0.22727273 Fe0.06818182 Sb0.15909091 O0.54545455,-2.01589617185606,mp-770854,0.07312837329545285,-5.813557262727273
Li0.25 Fe0.15 Sb0.1 O0.5,-1.9854821632916668,mp-1295199,0.06515660898611397,-5.8588901255
Sb1,0.290331165,mp-80,0.290331165,-3.83866842
Sb1,0.3332963971428572,mp-1179613,0.3332963971428571,-3.795703187857143
Sb1,0.05049243499999978,mp-1179605,0.05049243499999978,-4.07850715
Sb1,0.30193828499999986,mp-10631,0.30193828499999986,-3.8270613
Sb1,0.05056267500000011,mp-133,0.05056267500000011,-4.07843691
Sb1,0.23852348499999998,mp-7761,0.23852348499999998,-3.8904761
Sb1,0.28433999750000005,mp-567144,0.28433999750000005,-3.8446595875
Sb1,0.0,mp-104,0.0,-4.128999585
Sb1,0.12299674249999981,mp-567409,0.12299674249999981,-4.0060028425
Sb1,0.3283519749999999,mp-10630,0.3283519749999999,-3.80064761
Sb1,0.2345710957142855,mp-1179618,0.23457109571428525,-3.8944284892857146
Sb1,0.058897130000000075,mp-632286,0.058897130000000075,-4.070102455
Fe0.33333333 O0.66666667,-1.2662590316666673,mp-540003,0.37814964895832937,-5.953858295833334
Fe0.4 O0.6,-1.6288803575000004,mp-1244911,0.278477985250003,-6.470798454750001
Fe0.5 O0.5,-0.18175231437500017,mp-1181437,1.053367775,-5.66564272
Fe0.42857143 O0.57142857,-1.712666711428572,mp-705416,0.146012557142857,-6.597174282142857
Fe0.48275862 O0.51724138,-1.700439200646552,mp-764417,0.059126253620695124,-6.6657199106896545
Fe0.4 O0.6,-1.7879984614999997,mp-1456,0.11935988125000385,-6.62991655875
Fe0.46666667 O0.53333333,-1.6898633493333326,mp-32939,0.09913590433333574,-6.631156884666667
Fe0.4 O0.6,-1.5965081839999997,mp-1245078,0.31085015875000366,-6.43842628125
Fe0.33333333 O0.66666667,-1.3820667925000005,mp-1103327,0.20739849312499636,-6.124609451666667
Fe0.47058824 O0.52941176,-1.7186341641911766,mp-763787,0.06319214676470786,-6.665773313529412
Fe0.4 O0.6,-1.7300119222500001,mp-1205415,0.17734642050000282,-6.5719300195
Fe0.33333333 O0.66666667,-1.3161878175000001,mp-1062652,0.416926474791663,-5.9150814700000005
Fe0.47619048 O0.52380952,-1.7257569199404765,mp-705555,0.045822330000003575,-6.681246946428572
Fe0.47058824 O0.52941176,-1.7313431930147047,mp-705588,0.05048311794118021,-6.678482342352941
Fe0.4375 O0.5625,-1.6222360959114575,mp-705558,0.2201119191666674,-6.520052877083334
Fe0.42857143 O0.57142857,-1.8212424310714295,mp-715811,0.0374368374999996,-6.705750001785715
Fe0.33333333 O0.66666667,-1.3117435636111106,mvc-15135,0.2777217220138857,-6.054286222777778
Fe0.4 O0.6,-1.0472083507499987,mp-1068212,0.8601499920000046,-5.889126448
Fe0.5 O0.5,-1.713967379375001,mp-1283030,0.014061861249999197,-6.70494863375
Fe0.42857143 O0.57142857,-1.7835284446428565,mp-510252,0.07515082392857231,-6.668036015357143
Fe0.33333333 O0.66666667,-1.1126264941666666,mp-25332,0.47683879145833075,-5.855169153333333
Fe0.48387097 O0.51612903,-1.6711610496774196,mp-1224936,0.08636981016129042,-6.638099859354838
Fe0.38461538 O0.61538462,-1.6528182453846152,mp-1225007,0.18118016110576907,-6.47180354923077
Fe0.5 O0.5,-1.5822613760416655,mp-849689,0.10381590999999979,-6.615194585
Fe0.5 O0.5,-1.4131602955000004,mp-1244983,0.3148689451249993,-6.404141549875
Fe0.23529412 O0.76470588,-0.5242409774264704,mp-1181411,0.5735875294852972,-5.144790275294118
Fe0.40625 O0.59375,-1.5940688166796866,mp-1195927,0.30264097859374406,-6.44530336125
Fe0.40186916 O0.59813084,-1.7842858971962616,mp-530050,0.11988783322428809,-6.628990221682243
Fe0.33333333 O0.66666667,-1.3146560211111114,mvc-13234,1.0106955447916635,-5.3213124
Fe0.5 O0.5,-1.7280292406250002,mp-1279742,0.0,-6.719010495
Fe0.41818182 O0.58181818,-1.7668647498181826,mp-776135,0.1095160002727269,-6.635885239272727
Fe0.23529412 O0.76470588,-0.4112942503676473,mp-1181334,0.6914549606617673,-5.452336373529413
Fe0.4 O0.6,-1.2513353302499994,mp-715572,0.1158359455000042,-6.6334404945
Fe0.4 O0.6,-1.1754675772499994,mp-776606,0.7318907655000046,-6.0173856745
Fe0.4 O0.6,-1.3467991113750002,mp-1245084,0.5605592313750032,-6.330359208625
Fe0.47368421 O0.52631579,-1.7046655222368416,mp-759037,0.3496781802631581,-6.378239388947368
Fe0.42857143 O0.57142857,-1.8295961007142856,mp-1284941,0.029083167857143266,-6.714103671428572
Fe0.44444444 O0.55555556,-1.7196262256944448,mp-1188678,1.8298070061111122,-4.908007312222222
Fe0.42857143 O0.57142857,-1.8179970725,mp-1181657,0.040682196071429644,-6.702504643214286
Fe0.42857143 O0.57142857,-1.689821847142858,mp-715614,0.46827962285714353,-6.274907216428572
Fe0.42857143 O0.57142857,-1.0735906353571434,mp-715558,0.7850886332142863,-5.958098206071428
Fe0.42268041 O0.57731959,-1.7818654847422684,mp-757565,0.08685070634020775,-6.6575917207216495
Fe0.4 O0.6,-1.7738848917499994,mp-510080,0.130721205500004,-6.6185552345000005
Fe0.4 O0.6,-1.9073583427499998,mp-19770,0.0,-6.74927644
Fe0.48571429 O0.51428571,-1.713541056071427,mp-705424,0.04061819014285817,-6.683227573714285
Fe0.39622642 O0.60377358,-1.6947889983018858,mp-530048,0.1945753978183955,-6.531082070754716
Fe0.48148148 O0.51851852,-1.6900221813888887,mp-705414,0.07187928870369653,-6.6533991474074075
Fe0.41666667 O0.58333333,-1.7079122765624994,mp-1095382,0.1710499395833196,-6.574674233333333
Fe0.5 O0.5,-1.582632104791666,mp-1178247,0.4695686070833345,-6.249441887916666
Fe0.43859649 O0.56140351,-1.639485557017543,mp-1194978,1.544389359912281,-5.195404308245614
Fe0.42857143 O0.57142857,-1.799001559464285,mp-650112,0.059677709107145205,-6.683509130178571
Fe0.42857143 O0.57142857,-1.7443236510714297,mp-505595,0.11435561749999934,-6.628831221785715
Fe0.5 O0.5,-1.582387115625,mp-756436,0.14564212500000018,-6.57336837
Fe0.4 O0.6,-1.3703353950833332,mp-557546,0.6674134506666709,-6.081862989333334
Fe0.40909091 O0.59090909,-1.6277823589204559,mvc-12205,0.26408718750000126,-6.4832516522727275
Fe0.42857143 O0.57142857,-1.6687397250000007,mp-612405,0.8755971578571433,-5.867589681428571
Fe0.4 O0.6,-1.8214564807499998,mp-715276,0.0859018620000036,-6.663374578
Fe0.5 O0.5,-1.7159931856250008,mp-1178232,0.01203605499999938,-6.70697444
Fe0.33333333 O0.66666667,-1.026366319166667,mvc-11541,0.5630989664583304,-5.768908978333333
Fe0.42857143 O0.57142857,-1.8586792685714297,mp-19306,0.0,-6.743186839285714
Fe0.49350649 O0.50649351,-1.6687767429707803,mp-705753,0.07112977292206857,-6.650078571558442
Fe0.4 O0.6,-1.3946241970833333,mp-716814,0.704232468666671,-6.045043971333333
Fe0.42857143 O0.57142857,-1.7968009192857153,mp-1291630,0.06187834928571512,-6.68130849
Fe0.46666667 O0.53333333,-1.7248370183333321,mp-715333,0.06416223533333643,-6.666130553666666
Fe0.4 O0.6,-1.1581868294999993,mp-542896,0.7491715132500048,-6.00010492675
Fe0.5 O0.5,-1.5801542681249998,mp-1178239,0.36011849124999884,-6.35889200375
Fe0.5 O0.5,-0.7814706731249998,mp-754765,0.9465585675000003,-5.7724519275
Fe0.4 O0.6,-1.6688360437499994,mp-1078361,0.7037832130000039,-6.045493227
Fe0.33333333 O0.66666667,-1.3898040383333334,mvc-12905,0.3540244797916632,-5.977983465
Fe0.4 O0.6,-1.794480129,mp-1178392,0.11287821375000284,-6.63639822625
Fe0.5 O0.5,-1.7187491856250006,mp-715262,0.00928005499999962,-6.70973044
Fe0.42857143 O0.57142857,-1.0781473703571436,mp-716052,0.7805318982142859,-5.9626549410714285
Fe0.42857143 O0.57142857,-1.8344252132142864,mp-1277436,0.024254055357143756,-6.7189327839285715
Fe0.49295775 O0.50704225,-1.5949840035915486,mp-694910,0.7836108635915489,-5.9377832146478875
Fe0.47916667 O0.52083333,-1.7154798471093737,mp-705553,0.05065565166666808,-6.675406277083333
Fe0.33333333 O0.66666667,-1.3168624775000002,mp-1224855,0.27260280812499715,-6.059405136666666
Fe0.33333333 O0.66666667,-1.3950104112499997,mvc-5967,0.3881447118749968,-5.943863232916667
Fe0.32 O0.68,-1.2700137030499992,mp-1182503,0.30971653635000607,-5.9388377093999996
Fe0.33333333 O0.66666667,-1.3042003541666674,mp-714904,0.38106603645833026,-5.950941908333333
Fe0.33333333 O0.66666667,-1.4056381658333332,mp-1181766,0.4746390614583307,-5.857368883333333
Fe0.42857143 O0.57142857,-1.7274093782142859,mp-1182229,0.1312698903571441,-6.611916948928572
Fe0.33333333 O0.66666667,0.3905263758333331,mvc-10966,1.97999166145833,-4.352016283333334
Fe0.47727273 O0.52272727,-1.7149221001988635,mp-706875,0.05467760386363629,-6.6720253643181815
Fe0.42857143 O0.57142857,-1.7344372478571424,mp-1181340,0.1242420207142878,-6.618944818571428
Fe0.33333333 O0.66666667,-1.313889690833334,mp-25236,0.6131387681249976,-5.718869176666666
Fe0.42857143 O0.57142857,-1.7862379344642858,mp-1185276,0.07244133410714326,-6.670745505178572
Fe0.47619048 O0.52380952,-1.7145166373214278,mp-759504,0.057062612619052544,-6.670006663809524
Fe0.5 O0.5,-1.4076910478750009,mp-1245001,0.3203381927500004,-6.3986723022500005
Fe0.38461538 O0.61538462,-1.6711301282692306,mp-510746,0.16286827822115413,-6.490115432115385
Fe0.4 O0.6,-1.682000674375,mp-685153,0.22535766837500404,-6.5239187716250004
Fe0.33333333 O0.66666667,-1.2139968633333342,mvc-11999,0.71950199395833,-5.6125059508333335
Fe0.33333333 O0.66666667,-1.4057706520833335,mp-1205429,0.1836946335416636,-6.14831331125
Fe0.33333333 O0.66666667,-1.312073285833333,mp-1097003,1.1465635597916632,-5.185444385
Fe0.33333333 O0.66666667,-1.2530683370833333,mvc-13181,0.7568055920833299,-5.575202352708334
Fe0.42857143 O0.57142857,-1.7257591989285714,mp-1181570,0.13292006964285896,-6.610266769642857
Fe0.4 O0.6,-1.5599324063750004,mp-1245277,0.34742593637500363,-6.401850503625001
Fe0.42857143 O0.57142857,-1.7804133378571427,mp-715438,0.07826593071428611,-6.664920908571429
Fe0.33333333 O0.66666667,-1.3000836491666672,mvc-11993,0.25563059979166347,-6.076377345
Fe0.47761194 O0.52238806,-1.6778560422947753,mp-863766,1.29607617261194,-5.430511982537314
Fe0.46428571 O0.53571429,-1.6880578131696424,mp-756693,0.6010333196428617,-6.1300653475
Fe0.5 O0.5,-1.614542508125,mp-755189,0.11348673250000019,-6.6055237625
Fe0.4 O0.6,-1.615036549375,mp-1245019,0.2923217933750033,-6.456954646625
Fe0.4 O0.6,-1.8360544164999992,mp-565814,0.07130392625000503,-6.6779725137499995
Fe0.33333333 O0.66666667,-1.3205791494444443,mvc-12204,0.26888613618055235,-6.063121808611111
Fe0.33333333 O0.66666667,-0.7478916211111107,mvc-12063,0.8415736645138852,-5.490434280277778
Fe0.33333333 O0.66666667,-1.277498470833334,mvc-12125,0.8280854831249975,-5.503922461666666
Fe0.42857143 O0.57142857,-1.7712541585714294,mp-1181546,1.016973108928572,-5.726213730357143
Fe0.25 O0.75,-0.6347306996875002,mp-863316,0.5573682645312497,-5.67028656125
Fe0.47826087 O0.52173913,-1.717744631086957,mp-705417,0.050047661521734454,-6.6763208513043475
Fe0.42857143 O0.57142857,-1.7494531553571429,mp-1192788,0.10922611321428732,-6.633960726071429
Fe0.5 O0.5,-1.3877494758750004,mp-1245168,0.3402797647500009,-6.37873073025
Fe0.42857143 O0.57142857,-1.7500820178571428,mp-18731,0.10859725071428628,-6.634589588571429
Fe0.48387097 O0.51612903,-1.6801641548387105,mp-705551,0.07736670499999931,-6.6471029645161295
Fe0.75 O0.25,0.47486747343750046,mp-1184320,1.2720912137500004,-4.95556255375
Fe0.33333333 O0.66666667,-1.022416644166667,mvc-14925,0.5670486414583298,-5.764959303333334
Fe0.41666667 O0.58333333,-1.664197349479166,mvc-12039,0.21476486666665373,-6.53095930625
Fe0.33333333 O0.66666667,-1.4422003575000002,mp-850222,0.40494863312499696,-5.9270593116666666
Fe0.42857143 O0.57142857,-1.1107310050000012,mp-715275,0.7479482635714287,-5.9952385757142865
Fe0.4 O0.6,-1.7474844590000003,mp-705547,0.159873883750004,-6.5894025562500005
Fe0.4 O0.6,-1.6133030231250003,mp-1244869,0.2940553196250031,-6.4552211203750005
Fe0.42857143 O0.57142857,-1.8414148578571436,mp-31770,0.017264410714286527,-6.725922428571429
Fe0.42857143 O0.57142857,-1.1529788792857139,mp-611817,0.7057003892857159,-6.03748645
Fe0.42857143 O0.57142857,-1.8100883973214283,mp-1181813,0.048590871250000944,-6.694595968035714
Fe0.5 O0.5,-1.262935008125,mp-18905,0.46509423250000026,-6.2539162625
Fe0.5 O0.5,-1.640927245624999,mp-753682,0.08710199500000115,-6.6319085
Fe0.38461538 O0.61538462,-1.6459250992307692,mp-1225001,0.44556747879807723,-6.207416231538462
Fe0.48 O0.52,-1.6814660926499994,mp-764326,0.08314515580000048,-6.6426347156
Fe0.4 O0.6,-1.5806075746250001,mp-1245154,0.32675076812500325,-6.422525671875
Fe0.42857143 O0.57142857,-1.789625701250001,mp-1182249,0.9821555528571428,-5.7610312864285715
Fe0.4 O0.6,-0.5746100032499996,mvc-12005,1.3327483395000037,-5.4165281005
Sb0.33333333 O0.66666667,-1.6757682406249994,mvc-5581,0.17192083812499437,-5.882545081458333
Sb0.28571429 O0.71428571,-1.72145472375,mvc-8472,0.0374645228571433,-5.933787082857143
Sb0.33333333 O0.66666667,-1.702110645,mvc-5746,0.14557843374999369,-5.908887485833334
Sb0.33333333 O0.66666667,-1.5752898749999993,mvc-2949,0.2723992037499947,-5.782066715833333
Sb0.32911392 O0.67088608,-1.3930881964082278,mp-675957,0.44673520101264064,-5.973577931265823
Sb0.33333333 O0.66666667,-0.1339195491666659,mvc-11038,1.7137695295833284,-4.34069639
Sb0.28571429 O0.71428571,-1.673150259464285,mvc-4486,0.08576898714285797,-5.885482618571428
Sb0.33333333 O0.66666667,-1.447004257499999,mvc-6936,0.40068482124999516,-5.653781098333333
Sb0.33333333 O0.66666667,-1.845751159999999,mp-1819,0.001937918749995049,-6.052528000833333
Sb0.33333333 O0.66666667,-1.6865276833333323,mvc-14580,0.16116139541666197,-5.893304524166666
Sb0.17647059 O0.82352941,-0.1579448277941178,mp-1179595,0.9284464715808793,-4.96137867
Sb0.4 O0.6,-1.75442156175,mp-1205345,0.006487289000000729,-5.9534206769999996
Sb0.28571429 O0.71428571,-1.7589192466071435,mp-1705,0.0,-5.9712516057142855
Sb0.25 O0.75,-1.3429975459375,mp-1179567,0.19605679484375038,-5.55949654375
Sb0.17647059 O0.82352941,0.012312653676471039,mp-1203602,1.0987039530514684,-4.791121188529411
Sb0.4 O0.6,-1.7609088507500004,mp-2136,0.0,-5.959907966
Sb0.31578947 O0.68421053,-1.7865990829605263,mp-1219481,0.02838532078947953,-5.995422693684211
Sb0.33333333 O0.66666667,-1.6869188463888887,mvc-5331,0.16077023236110577,-5.893695687222222
Sb0.3 O0.7,-1.673600155375,mvc-9074,0.11195004087499427,-5.884265859
Sb0.26315789 O0.73684211,-1.4970378306578946,mp-1219538,0.12301937016447084,-5.7120017510526315
Sb0.28571429 O0.71428571,-1.6798979812499997,mp-771699,0.07902126535714338,-5.892230340357143
Sb0.28571429 O0.71428571,-1.535387700892857,mvc-13867,0.22353154571428657,-5.74772006
Sb0.33333333 O0.66666667,-1.7105484283333325,mvc-6570,0.13714065041666146,-5.917325269166667
Sb0.4 O0.6,-1.7284285907500005,mp-1202960,0.032480259999999817,-5.9274277060000005
Sb0.33333333 O0.66666667,-1.8465322024999995,mp-560098,0.0011568762499942764,-6.053309043333333
Sb0.33333333 O0.66666667,-1.3876514295833324,mp-22071,0.46003764916666157,-5.594428270416667
Sb0.3 O0.7,-1.7071353528750002,mp-1219514,0.07841484337499427,-5.9178010565
Sb0.30769231 O0.69230769,-1.5747942504807695,mvc-10366,0.22509568788460932,-5.784562524230769
Sb0.31578947 O0.68421053,-1.7919283869078944,mp-684679,0.023056016842111227,-6.000751997631579
Sb0.33333333 O0.66666667,-1.7569986875,mvc-9477,0.09069039124999367,-5.963775528333334
Sb0.2 O0.8,-0.5794680804999999,mp-1219511,0.6517753921250069,-4.8018003725
Sb0.4 O0.6,-1.5007242077500003,mvc-400,0.26018464300000055,-5.699723323
Sb0.33333333 O0.66666667,-1.531791965,mvc-9642,0.31589711374999396,-5.738568805833334
Sb0.33333333 O0.66666667,-1.4390965699999991,mvc-4245,0.40859250874999464,-5.645873410833333
Sb0.33333333 O0.66666667,-1.5674782058333332,mvc-6033,0.280210872916661,-5.774255046666667
Sb0.33333333 O0.66666667,-1.600949737083333,mvc-14911,0.246739341666661,-5.807726577916667
Sb0.33333333 O0.66666667,-1.4609199624999991,mvc-12866,0.38676911624999466,-5.667696803333333
Sb0.33333333 O0.66666667,-1.6784975538888887,mvc-9819,0.16919152486110534,-5.885274394722222
Sb0.4 O0.6,-1.7524281812500007,mp-1999,0.008480669499999927,-5.9514272965
Sb0.28571429 O0.71428571,-0.6662059958928584,mp-647533,1.0927132507142847,-4.878538355000001
Sb0.4 O0.6,-1.5907764367500001,mp-560607,0.17013241400000023,-5.789775552
Sb0.22222222 O0.77777778,-0.9240067931944446,mp-1219528,0.44404150972222833,-5.14374651
Sb0.33333333 O0.66666667,-1.84768907875,mp-230,0.0,-6.0544659195833335
Sb0.32911392 O0.67088608,-1.3946597362816453,mp-1173348,0.44516366113922334,-5.9751494711392406
Sb0.27272727 O0.72727273,-1.6268035474242422,mp-1197211,0.052164824337118,-5.840651047878787
Sb0.33333333 O0.66666667,-1.5078761095833333,mp-13866,0.3398129691666609,-5.714652950416667
Li0.42857143 Sb0.14285714 O0.42857143,-2.069982255892857,mp-756935,0.009167305642858281,-5.297520048928571
Li0.2 Sb0.2 O0.6,-2.1273666170833336,mp-4995,0.0,-5.882350386000001
Li0.66666667 Sb0.08333333 O0.25,-1.2803268793402776,mp-1102716,0.4112862676388893,-3.958441780833333
Li0.08333333 Sb0.25 O0.66666667,-1.9703407334722212,mp-29892,0.0,-5.992111179999999
Li0.2 Sb0.2 O0.6,-2.1273388920833334,mp-770932,2.772499999892375e-05,-5.882322661
Li0.5 Sb0.07142857 O0.42857143,-2.166736694940476,mp-37436,0.008751461428571083,-5.235697578571428
Li0.2 Sb0.2 O0.6,-2.0385461980833335,mp-752636,0.08882041899999926,-5.793529967
Li0.375 Sb0.125 O0.5,-2.22136552375,mp-5769,0.0,-5.57616927625
Li0.45454545 Sb0.09090909 O0.45454545,-2.205158625871213,mp-29364,0.0,-5.378062370909091
Li0.2 Sb0.2 O0.6,-2.0862381550833335,mp-756951,0.041128461999998756,-5.841221924
Li0.42857143 Sb0.14285714 O0.42857143,-1.9835570748214286,mp-756908,0.09559248671428655,-5.211094867857143
Li0.5 Sb0.07142857 O0.42857143,-2.1529510870833337,mp-27453,0.022537069285713862,-5.221911970714286
Li0.25 Sb0.25 O0.5,-1.9672544222916661,mp-755703,0.0027972743055544314,-5.59956776625
Li0.54545455 Fe0.09090909 O0.36363636,-2.0107349745454544,mp-756155,0.023674270681818044,-5.117325523181818
Li0.20833333 Fe0.29166667 O0.5,-1.9897100107638888,mp-756856,0.024974497395831463,-6.183321642916667
Li0.11764706 Fe0.29411765 O0.58823529,-1.33113630740196,mp-762529,0.4869440218529446,-5.740311930588235
Li0.25 Fe0.25 O0.5,-2.0504354522916657,mp-18782,0.020221913125001656,-6.08593135625
Li0.25 Fe0.25 O0.5,-2.044632752791666,mp-756497,0.027382808875001885,-6.0787704605
Li0.25 Fe0.25 O0.5,-1.9889059608854156,mp-850511,0.7684120748437513,-5.33774119453125
Li0.29411765 Fe0.23529412 O0.47058824,-1.9638940754901948,mp-780312,0.2585876330882346,-5.695383365588235
Li0.47368421 Fe0.10526316 O0.42105263,-1.8453301628947372,mp-780203,0.22297652858552475,-5.141026137105263
Li0.16666667 Fe0.33333333 O0.5,-1.8906849434027773,mp-1290617,0.0666685112500005,-6.2437705
Li0.3125 Fe0.1875 O0.5,-1.9418182255208327,mp-1177185,0.050106470156252136,-5.7367450465625
Li0.27272727 Fe0.18181818 O0.54545455,-1.761375731590909,mp-1305099,0.06593116038960911,-5.6407716818181814
Li0.5 Fe0.125 O0.375,-1.9724959778645825,mp-752680,0.049805571250003844,-5.2361190853125
Li0.14285714 Fe0.28571429 O0.57142857,-1.7859987388095238,mp-1178103,0.08045020614285914,-6.1237385685714285
Li0.14285714 Fe0.28571429 O0.57142857,-1.633068712380952,mp-1178108,0.34886062757143055,-5.855328147142857
Li0.2 Fe0.2 O0.6,-1.1825309910833333,mp-761189,0.4785552627000005,-5.592760251
Li0.25 Fe0.25 O0.5,-1.9931811054166664,mp-756527,0.17235489625000167,-5.933798373125
Li0.53333333 Fe0.06666667 O0.4,-1.8917843203888889,mp-763305,0.15283096391666717,-4.990562499
Li0.375 Fe0.125 O0.5,-1.8718491662500005,mp-849528,0.014767391874999092,-5.427565100625
Li0.44444444 Fe0.11111111 O0.44444444,-1.9345480621296305,mp-755232,0.07992451576389126,-5.3072869875
Li0.125 Fe0.375 O0.5,-1.8393185139583323,mp-1176726,0.7776841934374996,-5.63489768875
Li0.2 Fe0.26666667 O0.53333333,-1.9421509853333323,mp-756480,0.033933488533335776,-6.117969683333333
Li0.27272727 Fe0.18181818 O0.54545455,-1.7532063988636368,mp-753133,0.07410049311688116,-5.632602349090909
Li0.15 Fe0.25 O0.6,-1.58323725625,mp-755806,0.13941701977500198,-5.851049225500001
Li0.13636364 Fe0.31818182 O0.54545455,-1.8898257870454542,mp-752897,0.1073455842045492,-6.291136399090909
Li0.42857143 Fe0.14285714 O0.42857143,-2.015542209107142,mp-771894,0.08843180401785844,-5.472693924285714
Li0.26666667 Fe0.2 O0.53333333,-1.6035340624444445,mp-775127,0.2890284747857166,-5.524194481333334
Li0.40740741 Fe0.14814815 O0.44444444,-1.9463072732716047,mp-849463,0.12683423479166578,-5.460800798148148
Li0.07142857 Fe0.35714286 O0.57142857,-1.8178684719047615,mp-33551,0.13653479053571704,-6.428992172142857
Li0.5 Fe0.1 O0.4,-1.8419703480833334,mp-770923,0.2747870456250041,-5.06832766625
Li0.375 Fe0.125 O0.5,-1.8270882975000005,mp-1276702,0.05952826062499916,-5.382804231875
Li0.21428571 Fe0.21428571 O0.57142857,-1.7106500407142846,mp-758388,0.06784458675000415,-5.775005999999999
Li0.16666667 Fe0.33333333 O0.5,-1.9300080517361107,mp-1298536,0.02734540291666665,-6.283093608333334
Li0.5 Fe0.1 O0.4,-2.037011135833333,mp-780207,0.25526168487500467,-5.0878530269999995
Li0.5 Fe0.1 O0.4,-1.8703061913333336,mp-780192,0.24645120237500429,-5.0966635095
Li0.04761905 Fe0.38095238 O0.57142857,-1.8485786643650797,mp-758077,0.9373187710714221,-5.68742815047619
Li0.25 Fe0.25 O0.5,-1.952281552291666,mp-1222302,0.11973400937500145,-5.98641926
Li0.5 Fe0.1 O0.4,-1.8671514623333336,mp-770834,0.24960593137500364,-5.0935087805000006
Li0.27272727 Fe0.18181818 O0.54545455,-1.7569860115909095,mp-1286090,0.07032088038960804,-5.636381961818182
Li0.2 Fe0.2 O0.6,-1.5459324560833332,mp-760833,0.11515379770000056,-5.622375716
Li0.33333333 Fe0.16666667 O0.5,-1.9644358278472218,mp-1308212,0.0007919124999995475,-5.679625686666667
Li0.07142857 Fe0.35714286 O0.57142857,-1.309851851547618,mp-706252,0.6445514108928609,-5.920975551785714
Li0.42105263 Fe0.10526316 O0.47368421,-1.7438990137938593,mp-772983,0.17845633825657892,-5.162581441447369
Li0.34782609 Fe0.2173913 O0.43478261,-1.9134110406884068,mp-1638858,0.09835881478260688,-5.670346810869566
Li0.26666667 Fe0.23333333 O0.5,-1.9785015104027772,mp-1176945,0.5571212826666683,-5.463884852666666
Li0.14285714 Fe0.28571429 O0.57142857,-1.7735851202380946,mp-771135,0.05654839400000178,-6.147640380714286
Li0.21428571 Fe0.21428571 O0.57142857,-1.6344351057142847,mp-756816,0.14405952175000447,-5.698791065
Li0.33333333 Fe0.16666667 O0.5,-1.9652277403472216,mp-774155,0.0,-5.680417599166667
Li0.1875 Fe0.3125 O0.5,-1.9261421735937505,mp-586092,0.48405217874999984,-5.77531539703125
Li0.27272727 Fe0.18181818 O0.54545455,-1.762176253409091,mp-1177753,0.06513063857142676,-5.641572203636364
Li0.21428571 Fe0.21428571 O0.57142857,-1.6702920989285712,mp-1177704,0.3665553713928613,-5.476295215357142
Li0.17391304 Fe0.30434783 O0.52173913,-1.9564016096376804,mp-759241,0.050685514999989856,-6.249347536521738
Li0.1 Fe0.3 O0.6,-1.667768913916666,mp-753154,0.1164533843500033,-6.1269495925
Li0.47368421 Fe0.10526316 O0.42105263,-1.9671758268421058,mp-774501,0.10113086463815613,-5.262871801052632
Li0.07142857 Fe0.35714286 O0.57142857,-1.8076192997619043,mp-757153,0.1467839626785743,-6.418743
Li0.21428571 Fe0.25 O0.53571429,-1.8477682749553554,mp-762600,0.5339931621964311,-5.530843312857143
Li0.34782609 Fe0.2173913 O0.43478261,-1.9142850272101455,mp-1643829,0.09748482826086846,-5.671220797391305
Li0.27272727 Fe0.18181818 O0.54545455,-1.7714571873484843,mp-760809,0.05584970463203298,-5.650853137575758
Li0.3 Fe0.1 O0.6,-0.23273301074999964,mp-1211341,1.2865136081428572,-3.9264388519999995
Li0.16666667 Fe0.27777778 O0.55555556,-1.833449126805556,mp-752476,0.07868128852778078,-6.103721818333334
Li0.26086957 Fe0.2173913 O0.52173913,-1.9188141736956517,mp-780188,0.1990975729037281,-5.716014187826087
Li0.46153846 Fe0.07692308 O0.46153846,-1.822554453653847,mp-771897,0.08001364225961094,-5.104387297692308
Li0.21428571 Fe0.25 O0.53571429,-1.2196090345982131,mp-758888,0.7276346393392874,-5.3372018357142865
Li0.29411765 Fe0.23529412 O0.47058824,-1.967642153137254,mp-754802,0.07720377632352804,-5.8767672223529415
Li0.15 Fe0.25 O0.6,-1.1356882279999994,mp-759319,0.5869660480250021,-5.40350019725
Li0.125 Fe0.375 O0.5,-1.8588003027083335,mp-773525,0.041222098437499355,-6.37135978375
Li0.2 Fe0.2 O0.6,-1.5126831400833332,mp-752521,0.1388873267000017,-5.598642187
Li0.46666667 Fe0.10666667 O0.42666667,-2.0123102009777782,mp-850218,0.04307630324166922,-5.326496483466666
Li0.29166667 Fe0.20833333 O0.5,-2.002978595902778,mp-756862,0.015643055104162862,-5.877642379166667
Li0.42857143 Fe0.14285714 O0.42857143,-1.9917650162499991,mp-1663732,0.11220899687500108,-5.448916731428571
Li0.21428571 Fe0.21428571 O0.57142857,-1.7100810085714275,mp-1310623,0.06841361889286102,-5.7744369678571426
Li0.25 Fe0.25 O0.5,-2.070736529791666,mp-755709,0.0012790318750015572,-6.1048742375
Li0.2 Fe0.2 O0.6,-1.5210700795833325,mp-756941,0.14001617420000123,-5.5975133395
Li0.42857143 Fe0.11428571 O0.45714286,-1.7448622208571425,mp-766829,0.24038612394642822,-5.159424462571428
Li0.26666667 Fe0.23333333 O0.5,-1.4334951940694434,mp-756644,0.6171628033333345,-5.403843331999999
Li0.1 Fe0.3 O0.6,-1.6480216684166649,mp-758249,0.1362006298500038,-6.107202346999999
Li0.21428571 Fe0.21428571 O0.57142857,-1.707043789999999,mp-1314278,0.07145083746428949,-5.771399749285714
Li0.42857143 Fe0.14285714 O0.42857143,-1.967955116964285,mp-1666174,0.13601889616071539,-5.425106832142857
Li0.27272727 Fe0.18181818 O0.54545455,-1.7585812743181812,mp-1291978,0.06872561766233698,-5.6379772245454545
Li0.04761905 Fe0.38095238 O0.57142857,-1.8709268267460315,mp-997515,0.05156843773808717,-6.5731784838095235
Li0.2 Fe0.2 O0.6,-1.2942079250833323,mp-752790,0.36687832870000125,-5.370651185
Li0.14285714 Fe0.28571429 O0.57142857,-1.7861060559523807,mp-754803,0.08034288900000242,-6.123845885714286
Li0.4 Fe0.2 O0.4,-1.9796388121666666,mp-755094,0.0,-5.588733549
Li0.18181818 Fe0.27272727 O0.54545455,-1.700729615984848,mp-752883,0.6364931286818214,-5.532046371363636
Li0.51724138 Fe0.06896552 O0.4137931,-1.9506263805172421,mp-758099,0.06454380043103392,-5.090434053103449
Li0.22727273 Fe0.22727273 O0.54545455,-1.822752007651515,mp-759022,0.6940389265681812,-5.244558090227273
Li0.17647059 Fe0.29411765 O0.52941176,-1.9471536103676474,mp-770655,0.07643335749999913,-6.218873785588236
Li0.18181818 Fe0.27272727 O0.54545455,-1.8688618100757572,mp-762575,0.07233863186363809,-6.0962008681818185
Li0.14285714 Fe0.28571429 O0.57142857,-1.7977147620238096,mp-1178122,0.0687341829285737,-6.135454591785715
Li0.27272727 Fe0.18181818 O0.54545455,-1.7617207497727272,mp-752654,0.06558614220779102,-5.6411166999999995
Li0.27272727 Fe0.18181818 O0.54545455,-1.7599680479545454,mp-1279310,0.06733884402597301,-5.6393639981818175
Li0.2 Fe0.2 O0.6,-1.3546921040833333,mp-1185320,0.3063941497000009,-5.431135364
Li0.2 Fe0.26666667 O0.53333333,-1.8548986586666663,mp-753083,0.12118581520000227,-6.030717356666667
Li0.4 Fe0.2 O0.4,-1.9256742491666672,mp-754868,0.053964562999996524,-5.5347689860000004
Li0.14285714 Fe0.28571429 O0.57142857,-1.7874870248809518,mp-773043,0.0789619200714311,-6.1252268546428565
Li0.29166667 Fe0.20833333 O0.5,-1.9878343267361103,mp-1176882,0.030787324270829863,-5.86249811
Li0.4 Fe0.2 O0.4,-1.937920304166667,mp-1177943,0.0417185079999971,-5.547015041
Li0.14285714 Fe0.28571429 O0.57142857,-1.8370806630952379,mp-25386,0.029368281857144574,-6.174820492857143
Li0.375 Fe0.125 O0.5,-1.827047410625,mp-754360,0.05956914749999953,-5.382763345
Li0.47368421 Fe0.10526316 O0.42105263,-1.9615124115789475,mp-759144,0.3228035170065775,-5.0411991486842105
Li0.5 Fe0.1 O0.4,-2.1167573937083333,mp-19511,0.0,-5.343114711875
Li0.18181818 Fe0.27272727 O0.54545455,-1.8554454246212122,mp-1178060,0.08575501731818314,-6.0827844827272735
Li0.18181818 Fe0.27272727 O0.54545455,-1.8133669291666665,mp-758515,0.28301707640909335,-5.885522423636363
Li0.21052632 Fe0.26315789 O0.52631579,-1.9413169057456132,mp-752950,0.19751236450000142,-5.944759248947369
Li0.14285714 Fe0.28571429 O0.57142857,-1.7963078634523808,mp-1178106,0.07014108150000187,-6.134047693214286
Li0.07142857 Fe0.35714286 O0.57142857,-1.8913407924404757,mp-21735,0.06306247000000287,-6.5024644926785715
Li0.15625 Fe0.34375 O0.5,-1.9230809161979163,mp-766727,0.019939775078125166,-6.31603495390625
Li0.140625 Fe0.359375 O0.5,-1.8859692106249994,mp-772996,0.03555233558593773,-6.33872597
Li0.22727273 Fe0.22727273 O0.54545455,-1.7937470521969694,mp-771687,0.09148246043181807,-5.847114556363636
Li0.22727273 Fe0.22727273 O0.54545455,-1.818529920378787,mp-758794,0.4775523092954552,-5.4610447075
Li0.15 Fe0.25 O0.6,-1.5787150054999999,mp-758559,0.143939270525002,-5.846526974750001
Li0.35 Fe0.15 O0.5,-1.8511278529583337,mp-1176887,0.08265541449999958,-5.502528142
Li0.25 Fe0.25 O0.5,-1.997112409791666,mp-19419,0.0749031518750014,-6.0312501175
Li0.36363636 Fe0.18181818 O0.45454545,-2.0490833370833332,mp-760830,0.04326942096591235,-5.716048140454546
Li0.25 Fe0.25 O0.5,-2.031485526041666,mp-754977,0.3791582543750014,-5.726995015
Li0.42857143 Fe0.14285714 O0.42857143,-2.0203285769642854,mp-770885,0.08364543616071529,-5.477480292142857
Li0.2 Fe0.26666667 O0.53333333,-1.879797939333333,mp-758469,0.09628653453333502,-6.055616637333333
Li0.14285714 Fe0.28571429 O0.57142857,-1.754011387380952,mp-752935,0.427902684000002,-5.776286090714286
Li0.53333333 Fe0.06666667 O0.4,-2.0023527253888886,mp-756356,0.042262558916667636,-5.101130904
Li0.25 Fe0.25 O0.5,-2.0720155616666656,mp-757614,0.0,-6.106153269375
Li0.13333333 Fe0.2 O0.66666667,-0.7272788210555546,mp-763418,0.7008999089666714,-5.330378255333333
Li0.1 Fe0.3 O0.6,-1.193428846916666,mp-752527,0.5907934513500033,-5.6526095255
Li0.21428571 Fe0.21428571 O0.57142857,-1.6754111824999995,mp-756955,0.10308344496428923,-5.739767141785714
Li0.33333333 Fe0.16666667 O0.5,-1.9617144149305545,mp-756237,0.0035133254166668237,-5.67690427375
Li0.36363636 Fe0.15151515 O0.48484848,-1.8957214393939394,mp-760142,0.2678217969507566,-5.332630503333334
Li0.33333333 Fe0.16666667 O0.5,-1.7153935661805544,mp-849695,0.24983417416666764,-5.430583424999999
Li0.5 Fe0.1 O0.4,-2.027922298958333,mp-779889,0.08883509475000473,-5.2542796171249995
Li0.01785714 Fe0.41071429 O0.57142857,-1.824043617261905,mp-773010,0.05856664977679671,-6.640205220357143
Li0.15384615 Fe0.30769231 O0.53846154,-1.7335084678525645,mp-1120820,0.21975370884615675,-6.133754626153846
Li0.27272727 Fe0.18181818 O0.54545455,-1.7359864811363637,mp-755242,0.09132041084415388,-5.615382431363636
Li0.34782609 Fe0.2173913 O0.43478261,-1.9082225246014486,mp-764936,0.10354733086956536,-5.665158294782609
Li0.04761905 Fe0.38095238 O0.57142857,-1.8545814824603177,mp-1178121,0.06791378202380205,-6.55683313952381
Li0.34782609 Fe0.2173913 O0.43478261,-1.930341135036231,mp-753255,0.08142872043478366,-5.687276905217391
Li0.375 Fe0.125 O0.5,-1.8245504100000005,mp-1284094,0.06206614812499911,-5.380266344375
Li0.375 Fe0.125 O0.5,-1.830925373125,mp-760335,0.0556911849999997,-5.3866413075
Li0.34615385 Fe0.19230769 O0.46153846,-2.013340374038461,mp-764889,0.07588358456731026,-5.736793316538462
Li0.51219512 Fe0.09756098 O0.3902439,-2.0734685173170733,mp-769519,0.021195470701220742,-5.267693287560975
Li0.15625 Fe0.34375 O0.5,-1.900440279791666,mp-762692,0.042580411484375524,-6.2933943175
Li0.25 Fe0.17857143 O0.57142857,-1.590841429166667,mp-1176883,0.14239814641581638,-5.518505453214286
Li0.26666667 Fe0.2 O0.53333333,-1.8037615291111109,mp-771986,0.08880100811905045,-5.724421948
Li0.14285714 Fe0.28571429 O0.57142857,-1.790008372023809,mp-771571,0.665046628285717,-5.5391421464285715
Li0.21428571 Fe0.21428571 O0.57142857,-1.7155311757142846,mp-1273581,0.0629634517500044,-5.779887135
Li0.5 Fe0.07142857 O0.42857143,-1.9164450402976192,mp-752471,0.06717681562499678,-5.1002128849999995
Li0.125 Fe0.375 O0.5,-1.8136400277083329,mp-772508,0.08638237343749999,-6.32619950875
Li0.26086957 Fe0.2173913 O0.52173913,-1.74295777347826,mp-780305,0.21202320703416166,-5.703088553695652
Li0.5 Fe0.1 O0.4,-1.8300756918333334,mp-779333,0.2866817018750041,-5.05643301
Li0.47058824 Fe0.11764706 O0.41176471,-2.016299018946078,mp-779474,0.08860661937500236,-5.344277334558823
Li0.16666667 Fe0.33333333 O0.5,-1.8632592484027768,mp-756381,0.0940942062500012,-6.216344804999999
Li0.36363636 Fe0.18181818 O0.45454545,-1.9935038282196968,mp-770893,0.08365055642045771,-5.675667005
Li0.12903226 Fe0.29032258 O0.58064516,-1.7273774027150537,mp-771396,0.11254681750000106,-6.10429169983871
Li0.34782609 Fe0.2173913 O0.43478261,-1.9152771569927525,mp-1643420,0.09649269847826147,-5.672212927173913
Li0.42857143 Fe0.14285714 O0.42857143,-2.041656869107143,mp-770886,0.36069001401785794,-5.200435714285715
Li0.38888889 Fe0.16666667 O0.44444444,-1.994581751759259,mp-771124,0.10229038326389439,-5.579952576388889
Li0.4516129 Fe0.12903226 O0.41935484,-2.010803615954301,mp-781016,0.09729406832661791,-5.393505525645161
Li0.375 Fe0.125 O0.5,-1.8307598431250005,mp-764163,0.05585671499999911,-5.3864757775
Li0.48148148 Fe0.07407407 O0.44444444,-1.8686768641358025,mp-753008,0.07591910733796325,-5.09966119
Li0.125 Fe0.375 O0.5,-1.838876796458333,mp-1101736,0.061145604687499855,-6.3514362775
Li0.3125 Fe0.1875 O0.5,-1.9385305008333331,mp-780216,0.48281877703125176,-5.3040327396875
Li0.33333333 Fe0.16666667 O0.5,-1.8983464370138883,mp-759394,0.06688130333333309,-5.613536295833334
Li0.16666667 Fe0.33333333 O0.5,-1.914414756736111,mp-1314324,0.042938697916667046,-6.267500313333334
Li0.375 Fe0.125 O0.5,-1.8148307993750006,mp-1279318,0.07178575874999904,-5.37054673375
Li0.66666667 Sb0.33333333,-0.5659938400000001,mp-9563,0.0003694433333336633,-3.2149422705555555
Li0.75 Sb0.25,-0.6289041562500004,mp-7955,0.008254537500000048,-3.0928461925
Li0.75 Sb0.25,-0.6371586937500004,mp-2074,0.0,-3.10110073
Li0.25 Sb0.75,-0.04753394291666657,mp-1185416,0.16485228833333343,-3.621514345
Li0.72972973 Sb0.27027027,-0.6094986567567571,mp-676024,0.01043953175675627,-3.1184422483783787
Li0.11111111 O0.88888889,-0.39798685185185195,mp-1235877,0.007561376666666675,-4.8785120299999996
Li0.11111111 O0.88888889,-0.40554822851851846,mp-1235059,0.0,-4.886073406666666
Li0.33333333 O0.66666667,-0.5446874530555554,mp-1094129,0.5724235085714282,-4.0114387166666665
Li0.11111111 O0.88888889,-0.40010154962962946,mp-1235796,0.005446678888889167,-4.880626727777777
Li0.33333333 O0.66666667,-1.0328934080555552,mp-1018789,0.08421755357142846,-4.870518005
Li0.66666667 O0.33333333,-2.066696434861111,mp-1960,0.0,-4.754533493333333
Li0.33333333 O0.66666667,-0.8193141813888888,mp-1094135,0.2977967802380954,-4.286065445
Li0.33333333 O0.66666667,-0.4499522163888887,mp-1097725,0.6671587452380949,-3.9167034800000002
Li0.66666667 O0.33333333,-1.89070322368464,mp-1245092,0.17599321117647015,-4.578540282156863
Li0.25 O0.75,-0.6248545876041662,mp-1001790,0.22542034910714293,-4.8130519025
Li0.66666667 O0.33333333,-1.914586572214052,mp-1245224,0.15210986264705806,-4.602423630686275
Li0.5 O0.5,-1.650783011458333,mp-841,0.0,-4.8461121725
Li0.66666667 O0.33333333,-1.9024247819199342,mp-1245009,0.16427165294117607,-4.590261840392157
Li0.5 O0.5,-1.3687861089583335,mp-1180619,0.28199690249999954,-4.44608027
Li0.66666667 O0.33333333,-1.981898524027778,mp-755894,0.08479791083333321,-4.6697355825
Li0.5 O0.5,-1.5080587827083334,mp-558312,0.14272422874999968,-4.70338794375
Li0.11111111 O0.88888889,-0.389152560740741,mp-1235708,0.016395667777777234,-4.869677738888889
Li0.66666667 O0.33333333,-1.9057473419199342,mp-1245303,0.1609490929411761,-4.593584400392157
Li0.5 O0.5,-1.3896088089583327,mp-1097030,0.26117420250000034,-4.46690297
O1,0.012106898749999928,mp-610917,0.012106898749999928,-4.93584857
O1,0.18576941500000022,mp-1091399,0.18576941500000022,-4.76218605375
O1,1.57069185375,mp-1058623,1.57069185375,-3.377263615
O1,0.48464514774999967,mp-1180064,0.4846451477500002,-4.463310321
O1,0.9644229670833339,mp-1023923,0.9644229670833337,-3.9835325016666663
O1,0.9577038854166672,mp-1102442,0.7395641620833331,-4.208391306666667
O1,0.41129592958333383,mp-560602,0.41129592958333383,-4.536659539166666
O1,0.029970823750000264,mp-1180036,0.029970823750000264,-4.917984645
O1,0.20207613624999965,mp-1087546,0.20207613624999965,-4.7458793325
O1,0.0,mp-12957,0.0,-4.94795546875
O1,0.0017120537500003863,mp-1009490,0.0017120537500003863,-4.946243415
O1,0.1235921087499996,mp-607540,0.1235921087499996,-4.82436336
O1,1.5598552587499999,mp-1056059,1.5598552587499999,-3.38810021
O1,0.1257160487500002,mp-1066100,0.1257160487500002,-4.82223942
O1,1.31207753875,mp-1056831,1.31207753875,-3.63587793
O1,0.41984824458333375,mp-1180008,0.41984824458333314,-4.528107224166667
O1,0.76903036625,mp-1180050,0.76903036625,-4.1789251025
O1,0.009971443749999587,mp-611836,0.009971443749999587,-4.937984025
O1,1.88190594375,mp-1057818,1.88190594375,-3.066049525
O1,1.60081070875,mp-1065697,1.60081070875,-3.34714476
Fe0.57142857 Sb0.42857143,0.4367923178571433,mp-1225139,0.450045101785709,-6.172377241428571
Fe0.5 Sb0.5,0.09195291250000004,mp-2619,0.10741449375000034,-6.2071954
Fe0.33333333 Sb0.66666667,-0.015475435000000223,mp-20714,0.0051400066666662525,-5.591240838333333
Fe0.33333333 Sb0.66666667,0.2235724749999998,mp-1072181,0.24418791666666628,-5.352192928333333
Fe0.75 Sb0.25,0.0890053850000001,mp-1184324,0.08202130062499968,-7.30993216625
Fe0.25 Sb0.75,-0.023192371875000006,mp-971669,0.0,-5.237266320625
Fe0.14285714 Sb0.28571429 O0.57142857,-1.5005467174999996,mp-559626,0.27868794642857164,-5.925826443928571
Fe0.14285714 Sb0.28571429 O0.57142857,-1.7792346639285717,mp-22265,0.0,-6.204514390357143
Fe0.16666667 Sb0.16666667 O0.66666667,-1.9242194683333338,mp-674490,0.0,-6.398879218333334
Fe0.14285714 Sb0.28571429 O0.57142857,-1.669273031428572,mp-601882,0.09555667500000009,-6.108957715357143
Fe0.16666667 Sb0.16666667 O0.66666667,-1.8956517391666676,mp-1178209,0.028567729166668165,-6.370311489166667
Fe0.05882353 Sb0.23529412 O0.70588235,-1.5570265920588242,mp-754951,0.20850099025734892,-5.862925474705882
Fe0.11111111 Sb0.22222222 O0.66666667,-1.9328097305555554,mp-505009,0.0,-6.3181751775
Fe0.16666667 Sb0.16666667 O0.66666667,-1.9241065808333342,mp-761281,0.00011288750000115755,-6.398766330833333
Fe1,0.054267864999999915,mp-1271693,0.054267864999999915,-8.415029175
Fe1,0.09714967500000071,mp-136,0.09714967500000071,-8.372147365
Fe1,0.0666849100000011,mp-1271562,0.0666849100000011,-8.40261213
Fe1,0.27427886360000114,mp-1245108,0.2742788636000011,-8.1950181764
Fe1,0.4760783800000006,mp-1096950,0.4760783800000006,-7.99321866
Fe1,0.17969268357142962,mp-1194030,0.49827181142857224,-7.9710252285714285
Fe1,0.760687990000001,mp-568345,0.760687990000001,-7.70860905
Fe1,0.09841043000000127,mp-1271295,0.09841043000000127,-8.37088661
Fe1,0.0,mp-13,0.0,-8.46929704
Fe1,0.15368746000000044,mp-150,0.15368746000000044,-8.31560958
Li1,0.002524183333333374,mp-10173,0.002524183333333374,-1.90639867
Li1,0.0,mp-1018134,0.0,-1.9089228533333333
Li1,0.010352237083333327,mp-567337,0.010352237083333327,-1.89857061625
Li1,0.018577520000000014,mp-1063005,0.018577520000000014,-1.8903453333333333
Li1,0.0027975258333332587,mp-976411,0.0027975258333332587,-1.9061253275
Li1,0.005126893333333271,mp-135,0.005126893333333271,-1.90379596
Li1,0.2617987308333334,mp-604313,0.2617987308333334,-1.6471241225
Li1,0.002892693333333307,mp-51,0.002892693333333307,-1.90603016
Li0.75 Fe0.25,0.41963877000000016,mp-1185215,0.41963877000000016,-3.12937763
